2021-12-06 18:48:10,2821178882,6) Growth Product Owner,One,True,True
2021-12-06 18:48:24,2818621191,6) Junior Product Owner,The Juice Plus+Â® Company Europe GmbH,False,False
2021-12-06 18:48:58,2814766217,6) Product Owner,Donyati,True,True
2021-12-06 18:49:26,2829041674,6) Technical Product Owner - Finance,Applicantz,True,False
2021-12-06 18:49:54,2821142926,6) Product Owner,Aquent,True,False
2021-12-06 18:50:22,2820917787,6) Product Owner,Accion Labs,True,False
2021-12-06 18:50:56,2824295071,6) Technical Product Owner,BigRio,True,True
2021-12-06 18:51:27,2815485601,"6) Energy Storage Fleet, Product Owner",SunPower Corporation,True,True
2021-12-06 18:51:41,2822653345,6) Product Owner,The Judge Group,False,False
2021-12-06 18:51:54,2815361706,6) Product Owner,ChannelApe,False,False
2021-12-06 18:52:08,2818853942,6) Product Owner,Cadmium,False,False
2021-12-06 18:52:22,2818886070,6) Product Owner,Accion Labs,False,False
2021-12-06 18:52:35,2824238138,6) Product Owner@Remote,DRS IT Solutions Inc,False,False
2021-12-06 18:52:48,2824579262,6) Product Owner,UFG Insurance,False,False
2021-12-06 18:53:02,2818971455,6) Product Owner,"DIVERSANT, LLC",False,False
2021-12-06 18:53:16,2807414341,6) Business Systems Product Owner,DoorDash,False,False
2021-12-06 18:53:29,2823255495,6) Product Owner (CTH),ThreeBridge Solutions (merging with Turnberry Solutions),False,False
2021-12-06 18:53:43,2821068371,6) Product Owner,The Select Group,False,False
2021-12-06 18:53:57,2826428887,6) Product Owner,VySystems,False,False
2021-12-06 18:54:11,2825033695,6) Product Owner,MATRIX Resources,False,False
2021-12-06 18:54:24,2825068907,6) Product Owner,Meridian Technologies,False,False
2021-12-06 18:54:37,2821144814,6) Product Owner,Modis,False,False
2021-12-06 18:54:50,2822652527,6) Product Owner,Trimble Inc.,False,False
2021-12-06 18:55:04,2816575478,6) Product Owner - Medical Management,"Staff Smart, Inc.",False,False
2021-12-06 18:55:17,2608806905,6) Healthcare Product Owner,Perficient,False,False
2021-12-06 18:56:25,2801349539,6) Product Owner,"NewAgeSys, Inc",False,False
2021-12-06 18:56:39,2811874572,6) Product Owner,Advanced Medical Pricing Solutions (AMPS),False,False
2021-12-06 18:56:52,2829374381,6) Technical Product Owner - B2C Revitalization,"Logic20/20, Inc.",False,False
2021-12-06 18:57:05,2812180593,"6) Product Owner, , Clinical Informatics",Saama,False,False
2021-12-06 18:57:18,2814419063,6) Product Owner - Supplier Compliance,SafetyChain Software,False,False
2021-12-06 18:57:32,2824252798,6) Technical Product Owner,BigRio,False,False
2021-12-06 18:57:46,2824248223,6) Product Owner,Hollstadt Consulting,False,False
2021-12-06 18:58:54,2797835557,6) Functional Product Owner,Optomi,False,False
2021-12-06 18:59:07,2804626633,6) Product Owner - Customer center / Member portal & Preference management,RiVi Consulting Group L.L.C,False,False
2021-12-06 18:59:21,2785209994,6) Product Owner- API,emids,False,False
2021-12-06 18:59:35,2804678996,6) Product Owner,"Rezult Group, Inc.",False,False
2021-12-06 18:59:49,2796333813,6) Product Owner - Financial Services,"Alliance of Professionals & Consultants, Inc. (APC)",False,False
2021-12-06 19:00:02,2810799033,6) Technical Product Owner,ThreeBridge Solutions (merging with Turnberry Solutions),False,False
2021-12-06 19:00:16,2790513085,6) Product Owner,Brooksource,False,False
2021-12-06 19:01:24,2802789217,6) Salesforce Product Owner,Insight Global,False,False
2021-12-06 19:01:38,2804647270,6) Sr Product Owner,LAM Consulting Group,False,False
2021-12-06 19:01:51,2797843659,6) Software Product Owner,firstPRO 360,False,False
2021-12-06 19:02:05,2805964619,6) (Senior) Product Owner - East Coast,Day Digital,False,False
2021-12-06 19:02:19,2767791795,6) Product Owner,SAI360,False,False
2021-12-06 19:02:32,2796789464,6) Agile Digital Product Owner - Mobile,Primary Services,False,False
2021-12-06 19:02:46,2813018074,6) Senior Agile Product Owner,"Elephant Ventures, LLC.",False,False
2021-12-06 19:03:54,2687537504,6) Sr Product Owner,ACI Worldwide,False,False
2021-12-06 19:04:07,2793896780,"6) Product Owner, Multicloud Development",DXC Technology,False,False
2021-12-06 19:04:20,2816421900,6) Technical Product Owner (Remote),XSELL Technologies,False,False
2021-12-06 19:04:34,2795407405,6) Product Owner - Remote,Numbrs - Swiss Wallet,False,False
2021-12-06 19:04:47,2792997973,"6) Product Owner, Customer Acquisition","ConsumerTrack, Inc.",False,False
2021-12-06 19:05:01,2759590902,"6) Product Owner, Monetization and Optimization","ConsumerTrack, Inc.",False,False
2021-12-06 19:05:15,2795353781,6) Technical Product Owner & Consultant (remote),Bitovi,False,False
2021-12-06 19:06:23,2820964072,"6) Product Manager, New Verticals & Business Platform",DoorDash,False,False
2021-12-06 19:06:37,2529964592,"6) Product Manager, Listing Management",HomeLight,False,False
2021-12-06 19:06:51,2812727057,"6) Product Manager, Nearby & New Use Cases",DoorDash,False,False
2021-12-06 19:07:04,2721115474,6) Manager of Product Management,Robert Half,False,False
2021-12-06 19:07:18,2820847250,"6) Sr Product Manager, Innovation Strategy and Wildlife Exclusion Products",Terminix,False,False
2021-12-06 19:07:32,2801544091,"6) Sr. Director, Product Management- Time and Attendance",AGM Tech Solutions - A WBENC and MBE Certified company that specializes in providing IT Staffing,False,False
2021-12-06 19:07:45,2798596383,6) Sr. Director of Product Management - Human Capital Management,"SilverSearch, Inc.",False,False
2021-12-06 19:08:53,2820147458,6) Senior Product Manager,5X5 Gaming,False,False
2021-12-06 19:09:06,2821190213,6) Lead Product Manager,Jobot,False,False
2021-12-06 19:09:20,2817809134,"6) Senior Product Manager, Mobile",Volta Charging,False,False
2021-12-06 19:09:33,2829546195,6) Senior Product Manager,Kaizen Talent,False,False
2021-12-06 19:09:47,2821122132,6) Lead Product Manager,CyberCoders,False,False
2021-12-06 19:10:01,2822641045,6) Sr. Product Manager,Trimble Inc.,False,False
2021-12-06 19:10:14,2816523199,6) Product Manager Team Lead,Insight Global,False,False
2021-12-06 19:11:22,2787220929,6) Principal Product Manager,Juul Labs,False,False
2021-12-06 19:11:35,2824714889,6) Principal Product Manager,Ad Hoc LLC,False,False
2021-12-06 19:11:49,2814469418,"6) Senior Product Manager, Ad products",Wish,False,False
2021-12-06 19:12:02,2775939757,6) Product Manager I,RE/MAX,False,False
2021-12-06 19:12:16,2819502513,"6) Principal Product Manager, Growth - SoFi at Work",SoFi,False,False
2021-12-06 19:12:29,2819279194,6) Principal CX Product Manager,Oracle,False,False
2021-12-06 19:12:43,2814278331,6) Sr. Product Manager - 100% Remote,Optomi Professional Services,False,False
2021-12-06 19:13:50,2819030340,6) Senior Product Manager,Oracle,False,False
2021-12-06 19:14:04,2775966568,6) Sr Product Manager - Self-serve Experience,HERE Technologies,False,False
2021-12-06 19:14:17,2686233613,6) Product Manager - Leading Digital Intelligence & Investigative Analytics Organization - Remote,CyberStream Global,False,False
2021-12-06 19:14:30,2826310797,6) Senior Product Manager,FieldLevel,False,False
2021-12-06 19:14:44,2684691096,6) Manager - Data Product Management,Momentive.ai,False,False
2021-12-06 19:14:57,2829607323,6) Sr. Product Manager,US Tech Solutions,False,False
2021-12-06 19:16:05,2821150179,7) Product Manager,The Judge Group,False,False
2021-12-06 19:16:18,2821142887,8) Product Manager-Operations & Infrastructure,Sunday,False,False
2021-12-06 19:16:32,2826472013,8) Product Manager,BeInCrypto,False,False
2021-12-06 19:16:46,2818839406,8) Product Manager/ business analyst,ITCommence Inc,False,False
2021-12-06 19:16:59,2826464303,8) Product Manager of Growth,Brightside,False,False
2021-12-06 19:17:13,2821147570,8) Product Manager,VaultLink,False,False
2021-12-06 19:17:27,2827304948,8) Product Manager,OptiFunder,False,False
2021-12-06 19:18:36,2821931136,8) Product Manager,Skopenow,False,False
2021-12-06 19:18:50,2805426537,8) Product Manager,Startup (in Stealth Mode),False,False
2021-12-06 19:19:04,2824687052,8) Product Manager - Healthcare Revenue Cycle Automation Software,Nesco Resource,False,False
2021-12-06 19:28:14,2801469192,9) Product Owner,Eliassen Group,True,True
2021-12-06 19:28:42,2804683662,9) Remote Product Owner (Mobile),Primary Services,True,False
2021-12-06 19:29:06,2775233424,9) Product Owner,Collabera Inc.,True,True
